Workbook

Sheet Dashboard
A1: LU | B1: Doel | C1: Behaald | D1: Sprint 1 | E1: Sprint 2 | F1: Sprint 3 | G1: Sprint 4 | H1: Sprint 5 | I1: Sprint 6 | J1: Sprint 7 | K1: Sprint 8
A2: LU 1: Impact | B2: 2 | C2: =COUNTIF(D2:K2, "V") -> 2 | D2: =Logboek!C18 -> V | E2: =Logboek!C46 -> - | F2: =Logboek!C74 -> V | G2: =Logboek!C102 -> - | H2: =Logboek!C130 -> - | I2: =Logboek!C158 -> - | J2: =Logboek!C186 -> - | K2: =Logboek!C214 -> -
A3: LU 2: Oplossing | B3: 4 | C3: =COUNTIF(D3:K3, "V") -> 3 | D3: =Logboek!C19 -> V | E3: =Logboek!C47 -> V | F3: =Logboek!C75 -> V | G3: =Logboek!C103 -> - | H3: =Logboek!C131 -> - | I3: =Logboek!C159 -> - | J3: =Logboek!C187 -> - | K3: =Logboek!C215 -> -
A4: LU 3: Ethiek | B4: 2 | C4: =COUNTIF(D4:K4, "V") -> 0 | D4: =Logboek!C20 -> - | E4: =Logboek!C48 -> - | F4: =Logboek!C76 -> - | G4: =Logboek!C104 -> - | H4: =Logboek!C132 -> - | I4: =Logboek!C160 -> - | J4: =Logboek!C188 -> - | K4: =Logboek!C216 -> -
A5: LU 4: Tools | B5: 4 | C5: =COUNTIF(D5:K5, "V") -> 3 | D5: =Logboek!C21 -> V | E5: =Logboek!C49 -> V | F5: =Logboek!C77 -> V | G5: =Logboek!C105 -> - | H5: =Logboek!C133 -> - | I5: =Logboek!C161 -> - | J5: =Logboek!C189 -> - | K5: =Logboek!C217 -> -
A6: LU 5: Zelfsturing | B6: 6 | C6: =COUNTIF(D6:K6, "V") -> 3 | D6: =Logboek!C22 -> V | E6: =Logboek!C50 -> V | F6: =Logboek!C78 -> V | G6: =Logboek!C106 -> - | H6: =Logboek!C134 -> - | I6: =Logboek!C162 -> - | J6: =Logboek!C190 -> - | K6: =Logboek!C218 -> -
A7: Totaal | B7: =SUM(B2:B6) -> 18 | C7: =SUM(D6:K7) -> 11 | D7: =COUNTIF(D2:D6, "V") -> 4 | E7: =COUNTIF(E2:E6, "V") -> 3 | F7: =COUNTIF(F2:F6, "V") -> 4 | G7: =COUNTIF(G2:G6, "V") -> 0 | H7: =COUNTIF(H2:H6, "V") -> 0 | I7: =COUNTIF(I2:I6, "V") -> 0 | J7: =COUNTIF(J2:J6, "V") -> 0 | K7: =COUNTIF(K2:K6, "V") -> 0
A9: Portfolio | B9: https://persoonlijk-portfolio.vercel.app/

Sheet Logboek
A1: SPRINT 1
A3: 1. PLANNING (User Stories) | D3: Plannen met je plannings Agent
A4: Story | B4: Story Omschrijving | C4: Acceptatie Criteria | D4: Kwaliteitscriteria
A5: RS | B5: Als aankomend project- en organisatieprofessional, wil ik onderzoeken welke AI-toepassingen de meeste impact hebben op organiseren, coördineren en samenwerken, zodat ik weet hoe mijn toekomstige rol, taken en vaardigheden veranderen. | C5: 1. Prompting: Een tweetrapsaanpak uitvoeren: eerst bronnen zoeken via Perplexity (minstens 4 typen), daarna via een deep-research-prompt het verslag genereren met CoT en bronvermelding. 2. Verslag: Een compleet onderzoeksverslag opleveren met vaste onderdelen: samenvatting, inleiding, methode, resultaten, risico's, conclusie en aanbevelingen. 3. Methode: Kwalitatief literatuuronderzoek doen met narratieve synthese op basis van 10 bronnen. 4. Presentatie: De belangrijkste inzichten presenteren tijdens de Show & Grow. | D5: 1. Promptopbouw: Prompts bevatten vooraf een duidelijke rol, context, randvoorwaarden en gewenst format. 2. Bronnen: Minimaal 10 bronnen uit minstens 4 invalshoeken; gecheckt en gecorrigeerd volgens APA7-normen. 3. Toolkeuze: Bewuste keuze vastleggen voor OpenAI (onderzoek/synthese) en Claude (vormgeving/structuur). 4. Triangulatie: Bevindingen vergelijken tussen modellen (Gemini en OpenAI) en noteren waarom bepaalde output niet bruikbaar is. 5. Kritische blik: Conclusie onderbouwen met risico's (betrouwbaarheid en afhankelijkheid) en AI positioneren als assistent, niet als vervanging.
A6: US | B6: Als student in de minor Futureproof met AI, wil ik mijn eigen portfoliowebsite bouwen en online publiceren, zodat coaches en medestudenten direct zien wie ik ben en hoe ik aan de leeruitkomsten werk. | C6: 1. Homepage: Toont mijn profiel, de context van de minor en mijn focus op organiseren en samenwerken. 2. Over mij: Bevat een profielfoto, achtergrond, studieloopbaan en interesses (geen placeholderteksten). 3. Sprints & bewijzen: Bevat een actueel sprintoverzicht en een directe link naar het onderzoeksverslag (RS), gekoppeld aan LU1 en LU4. 4. Navigatie: Menu werkt soepel tussen Home, Over mij, Leeruitkomsten, Sprints, Bewijzen en Contact. 5. Livegang: De website is publiek bereikbaar via een werkende Vercel-link. | D6: 1. Responsiveness: Lay-out werkt goed op zowel iPhone als desktop zonder afsnijdingen of horizontaal scrollen. 2. Code & Deployment: Codebeheer via GitHub en automatische livegang via Vercel geregeld. 3. Taal & links: Teksten zijn foutloos geschreven; alle knoppen en links werken zonder foutmeldingen. 4. Vormgeving: Rustige, warme kleuren en typografie die een professioneel geheel vormen en afwijken van standaard AI-templates. 5. Transparantie: Duidelijk vermeld waar AI is ingezet en wat eigen werk is.
A7: LS | B7: Als student in de minor Futureproof met AI, wil ik leren werken met Claude Code, prompting en vibe-coding via GitHub en Vercel om een normchecker-prototype te bouwen, zodat ik ontdek wat AI al weet over ISO- en NEN-normen en zelfstandig een interactief frontend-prototype online kan publiceren. | C7: 1. Kennisverkenning: Via gerichte prompts testen wat Claude Code inhoudelijk weet over NEN- en ISO-normen en welke structuur het model voorstelt. 2. Dashboard-prototype: Een voorbeeld-dashboard (normchecker) bouwen op basis van een fictieve persona om de werking van normcontroles te visualiseren. 3. Deployment: De applicatie via Claude Code en GitHub live publiceren op een werkende Vercel-omgeving (normchecker.vercel.app). | D7: 1. Promptstructuur: Prompts aan Claude Code zijn voorzien van duidelijke rolinstructies, domeincontext (bouw/normen) en gewenste output-structuren. 2. Inhoudelijke toetsing: Controleren of de voorgestelde NEN/ISO-structuren door Claude Code inhoudelijk kloppen en geen hallucinaties bevatten. 3. Pipeline-stabiliteit: De koppeling tussen lokale bestanden, GitHub-repository en Vercel werkt zonder build-fouten.
A11: 2. FEEDBACK (Ontvangen van anderen)
A12: Datum | B12: Van wie | C12: Feedback | D12: Jouw actie
A16: 3. ZELFEVALUATIE (Mastery)
A17: LU | B17: Leeruitkomst | C17: Niveau | D17: Argumentatie en bewijs
A18: LU 1 | B18: AI-impact op de beroepspraktijk analyseren en evalueren | C18: V | D18: In mijn onderzoeksverslag "De toekomst van de Project- en organisatieprofessional in het tijdperk van generatieve AI" onderzocht ik welke AI-toepassingen effect hebben op organiseren, coördineren en samenwerken. Ik werkte met tien bronnen uit vier verschillende soorten bronnen en liet het verslag schrijven met OpenAI Deep Research, met aparte hoofdstukken over taakverschuiving, nieuwe vaardigheden en risico's. Dat laat zien dat ik niet alleen weet wát er verandert in mijn vakgebied, maar ook welke vaardigheden ik daardoor zelf nodig ga hebben.
A19: LU 2 | B19: Praktijkgerichte AI oplossing ontwerpen, realiseren en presenteren | C19: V | D19: N.v.t
A20: LU 3 | B20: Ethiek en verantwoordelijk AI-gebruik beoordelen | C20: - | D20: N.v.t
A21: LU 4 | B21: AI Tools en technieken gebruiken | C21: V | D21: Bij elk van de drie projecten koos ik een andere tool voor een andere taak, in plaats van steeds hetzelfde model te gebruiken. Voor het onderzoek gebruikte ik Perplexity om bronnen te zoeken, OpenAI Deep Research om te schrijven, Gemini om te vergelijken en Claude om de tekst af te werken. Voor de portfoliowebsite gebruikte ik Google AI Studio om snel te proberen, Claude om de code te verbeteren, en Visual Studio Code met GitHub en Vercel om de site echt te bouwen en live te zetten. Voor NormChecker gebruikte ik Claude Code om te testen wat het al wist over NEN- en ISO-bouwnormen, en weer GitHub en Vercel om het live te zetten. Drie projecten, drie keer een andere combinatie van tools, steeds gekozen op basis van wat de taak nodig had.
A22: LU 5 | B22: Zelfstandig en zelfsturend werken | C22: V | D22: Bij het onderzoek besloot ik zelf om de uitkomst van Gemini te vergelijken met die van OpenAI, en verwierp ik die bewust toen bleek dat de kwaliteit niet goed genoeg was. Ook liep ik zelf de bronnenlijst na en verbeterde ik drie fouten. Bij de portfoliowebsite koos ik zelf mijn eigen leerpad in tools: eerst Google AI Studio om te verkennen, dan Claude voor de stijl, en pas daarna Visual Studio Code, GitHub en Vercel voor echt beheer. Ik testte de site ook zelf op mobiel en desktop voordat ik hem als af beschouwde. Bij NormChecker koos ik zelf het onderwerp, gebaseerd op iets wat ik in de praktijk was tegengekomen, en besloot ik zelf om het klein te houden als oefening in plaats van meteen een af product na te streven. In alle drie de projecten stelde ik dus zelf de koers, zonder dat iemand mij een vast stappenplan gaf.
A24: 4. REFLECTIE
A25: Datum | B25: Wat heb je geleerd? | C25: Wat behoud je? | D25: Wat ga je anders doen?
A26: 46281 | B26: Websites zoals NEN Connect bevatten veel juridische regels. Daardoor bleek mijn idee niet haalbaar. Na sparren met Jan heb ik het losgelaten. Ik heb geleerd dat je soms hele leuke ideeën hebt, maar dat je sommige dingen moet loslaten omdat ze niet haalbaar zijn. | C26: Sparren met mijn coach over mijn ideeën en kritisch blijven op wat bronnen en AI voorstellen. | D26: Bij een nieuw idee eerst de haalbaarheid uitzoeken (juridisch en welke informatie ik mag gebruiken), voordat ik veel tijd in het uitwerken steek. Een idee sneller loslaten als het niet kan.
A27: 46281 | B27: Ik heb via Jan contact opgenomen met Dotslash om meer uit mijn minor te halen en te vragen naar een opdracht. Ik heb geleerd dat je moet durven vragen. | C27: Zelf contact zoeken en vragen stellen. | D27: Eerder en vaker zelf vragen stellen aan coaches en organisaties, in plaats van te wachten op een opdracht.
A28: 46281 | B28: AI wordt in mijn beroep steeds belangrijker en iedereen moet het leren. Het fysieke contact met mensen blijft belangrijk en wordt misschien nog belangrijker. | C28: AI gebruiken als assistent en niet als vervanging, en bewust kiezen welke tool bij welke taak past. | D28: Naast AI-vaardigheden ook blijven ontwikkelen wat AI niet kan overnemen, zoals samenwerken en persoonlijk contact.
A29: SPRINT 2
A31: 1. PLANNING (User Stories) | D31: Plannen met je plannings Agent
A32: Story | B32: Story Omschrijving | C32: Acceptatie Criteria | D32: Kwaliteitscriteria
A33: LS | B33: Als student in de minor Futureproof met AI, wil ik de basisprincipes en architecturen van AI-agents leren via DataCamp, zodat ik kan onderbouwen of en hoe een agentic aanpak waarde toevoegt aan mijn specifieke minoroplossing. | C33: 1. DataCamp-cursus "Introduction to AI Agents" succesvol afgerond, inclusief certificaat/bewijs van afronding in logboek. 2. Een geschreven samenvatting waar de stof besproken wordt en je ten alle tijden de stof terug kan vinden 3. De samenvatting is toegevoegd aan mijn portfolio om deze altijd bij de hand te hebben. | D33: 1. Betrouwbaarheid & herkomst: gebruik van actuele, gereputeerde bronnen en correcte bronvermelding. 2. Diepgang & onderbouwing: helder onderscheid gemaakt tussen eenvoudige prompt-chains/workflows en daadwerkelijke autonome agents. 3. Toepasbaarheid: de vertaalslag sluit direct aan op de context van het eigen projectportfolio.
A34: RS | B34: Als AI-projectmanager in opleiding, wil ik de bedrijfsactiviteiten, laadinfrastructuur-diensten en potentiële AI-kansen van Blue Current onderzoeken, zodat ik tijdens het eerste intakegesprek direct gerichte AI-use cases kan pitchen en een scherpe minoropdracht kan formuleren (Leeruitkomst: Impact & Oplossing). | C34: 1. Een compact onderzoeksverslag met daarin de kernactiviteiten en propositie van Blue Current, en de huidige technologie- en laadinfrastructuurcontext. 2. Minimaal 3 concrete AI-kansen/use cases uitgewerkt (bijv. slim laden/netcongestie, voorspellend onderhoud, geautomatiseerde support). 3. Een gestructureerde vragenlijst (5–8 vragen) voor het intakegesprek met Blue Current. | D34: 1. Bronnen & herkomst: relevante openbare bronnen gebruikt (website, nieuws, LinkedIn) met expliciete bronvermelding. 2. Triangulatie: deskresearch gecombineerd met gerichte analyse via minimaal één LLM met een gestructureerde prompt-opbouw. 3. Relevantie & haalbaarheid: de aangedragen AI-kansen sluiten realistisch aan op de context van een minorproject van ca. 4 maanden.
A35: US | B35: Als student van de minor Future Proof met AI, wil ik het eerste werkende prototype van de vernieuwde website en de gebruikte AI-systemen presenteren aan Ronald Boiten, zodat we kunnen toetsen of het ontwerp en de kleuren aansluiten bij zijn grafische identiteit en we duidelijke input hebben voor Sprint 3. | C35: 1. Het prototype is live en toegankelijk via de Vercel-link. 2. De specifieke grafische stijl en de kleurstelling van Ronald zijn herkenbaar doorgevoerd op de website. 3. De boekprojecten zijn visueel representatief weergegeven. 4. De afspraak en presentatie op dinsdag 27 september zijn uitgevoerd. 5. De feedback van Ronald is gedocumenteerd als input voor Sprint 3. | D35: 1. Er is een heldere toelichting gegeven over de gebruikte AI-tools en -systemen. 2. De Vercel-link werkt technisch goed en is responsive op zowel mobiel als desktop. 3. De opzet en code van de website zijn netjes gestructureerd en onderhoudbaar voor verdere uitbreiding in Sprint 3.
A39: 2. FEEDBACK (Ontvangen van anderen)
A40: Datum | B40: Van wie | C40: Feedback | D40: Jouw actie
A41: 46288 | B41: Shahmeer | C41: Zoek uit wat je daarvoor kan doen met AI. Stuur nog een mail naar Norm. Leer je basis via datacamp. Onderzoek of de website echt nodig is om te verbeteren | D41: Op advies ga ik een mail sturen en kijken of ik reactie kan ontvangen. Verder zorg ik dat ik mij nog meer ga verdiepen door middel van Datacamp
A42: 46292 | B42: Ronald Boiten | C42: Ik vind het fijn dat mijn werk nu veel duidelijker naar voren komt.De fotografie mag inderdaad groter, maar niet te gelikt. Hou de teksten kort. Ik wil wel mijn hele oeuvre kunnen blijven tonen.De typografie moet echt kloppen. | D42: In de volgende sprint staat gebruikersvalidatie centraal. Ik test de eerste redesign met de eigenaar, verwerk feedback op visuele identiteit, content en gebruikservaring en werk de homepage responsive en inhoudelijk correct uit. Pas na goedkeuring van de visuele frontend start ik met de technische beheeromgeving en backend.
A44: 3. ZELFEVALUATIE (Mastery)
A45: LU | B45: Leeruitkomst | C45: Niveau | D45: Argumentatie en bewijs
A46: LU 1 | B46: AI-impact op de beroepspraktijk analyseren en evalueren | C46: -
A47: LU 2 | B47: Praktijkgerichte AI oplossing ontwerpen, realiseren en presenteren | C47: V | D47: In Sprint 2 leverde ik het eerste werkende prototype van mijn vernieuwde portfoliowebsite op en presenteerde ik dit, samen met de gebruikte AI-systemen, aan Ronald Boiten. Ik liet zien hoe zijn grafische stijl en kleurgebruik in het ontwerp waren verwerkt en welke AI-tools ik daarvoor had ingezet. Ronald gaf concrete feedback op de fotografie, de teksten en de typografie, die ik direct heb vertaald naar aanpassingen voor Sprint 3. Daarmee heb ik niet alleen een praktijkgerichte AI-oplossing gerealiseerd, maar deze ook daadwerkelijk gepresenteerd aan een echte opdrachtgever en verwerkt in een concreet vervolgplan.
A48: LU 3 | B48: Ethiek en verantwoordelijk AI-gebruik beoordelen | C48: -
A49: LU 4 | B49: AI Tools en technieken gebruiken | C49: V | D49: Ook in Sprint 2 koos ik per taak een andere tool. Voor de Learning Story rondom AI-agents volgde ik de DataCamp-cursus "Introduction to AI Agents" en vergeleek ik een agentic aanpak met mijn huidige werkwijze. Voor het onderzoek naar Blue Current combineerde ik deskresearch met een LLM om gerichte AI-kansen te formuleren voor het intakegesprek. Voor het prototype van de portfoliowebsite gebruikte ik opnieuw Visual Studio Code, GitHub en Vercel om de website live te zetten, en liet ik het resultaat beoordelen door Ronald Boiten. Zo zette ik per onderdeel bewust de tool in die het beste bij de taak paste.
A50: LU 5 | B50: Zelfstandig en zelfsturend werken | C50: V | D50: Ik stuurde Sprint 2 grotendeels zelf aan. Ik koos zelf de DataCamp-cursus om mijn kennis over AI-agents te verdiepen, plande zelf het onderzoek naar Blue Current en de bijbehorende vragenlijst, en regelde zelfstandig de afspraak met Ronald Boiten om het prototype te bespreken. Na de feedback van Shahmeer en Ronald bepaalde ik zelf mijn vervolgstappen: eerst gebruikersvalidatie van het ontwerp, daarna pas de technische beheeromgeving. Ik hield dus zelf overzicht over mijn planning en stuurde bij op basis van de feedback die ik kreeg, zonder dat iemand mij een vast stappenplan gaf.
A52: 4. REFLECTIE
A53: Datum | B53: Wat heb je geleerd? | C53: Wat behoud je? | D53: Wat ga je anders doen?
A54: 46294 | B54: AI-agents zijn heel belangrijk en er valt heel veel over te leren. Ik heb de basis geleerd via DataCamp, maar ik heb het idee dat ik er nog lang niet alles uit heb gehaald. | C54: Eerst de basis leren via een cursus (DataCamp) voordat ik iets ga bouwen. | D54: Mij verder verdiepen in AI-agents en uitzoeken wat ik in mijn eigen opdracht kan gebruiken. De keuze voor een agent-aanpak onderbouwen met een aparte Research Story.
A55: 46294 | B55: Het is belangrijk om goed contact te onderhouden met je opdrachtgever en hem mee te nemen in alle stappen. Zo krijg je het mooiste resultaat. De feedback van Ronald op de fotografie, de teksten en de typografie maakte mijn ontwerp beter. | C55: Mijn opdrachtgever bij elke stap betrekken, zijn feedback vastleggen en het ontwerp laten beoordelen voordat ik de technische kant bouw. | D55: Eerder en vaker afstemmen met Ronald, zodat verbeterpunten eerder zichtbaar zijn.
A57: SPRINT 3
A59: 1. PLANNING (User Stories) | D59: Plannen met je plannings Agent
A60: Story | B60: Story Omschrijving | C60: Acceptatie Criteria | D60: Kwaliteitscriteria
A61: US | B61: Als toekomstig project- en organisatieprofessional, wil ik een AI-workflow ontwikkelen die wekelijks zelfstandig actuele ontwikkelingen onderzoekt, betrouwbare bronnen selecteert en deze verwerkt tot een persoonlijk weekmagazine (The Career Brief), met twaalf vaste hoofdstukken, uitgebreide artikelen en een professionele opmaak, zodat ik op de hoogte blijf van ontwikkelingen binnen AI, business en mijn toekomstige werkveld en leer hoe ik AI-agents en automatisering kan inzetten om informatie te verzamelen, te verwerken en automatisch via Gmail te versturen. | C61: 1. Masterprompt: Een uitgebreide prompt met een vaste indeling van twaalf hoofdstukken, cover en samenvatting. 2. Proefeditie: Een volledig magazine als HTML-mail over de periode 06-10 t/m 12-10-2026. 3. Ontvangst: De mail is getest in Gmail op iPhone op leesbaarheid en volledigheid. 4. Workflow: Een stappenplan met bronnen, taalmodel en verzending. | D61: 1. Promptstructuur: De prompt bevat een duidelijke rol, context, stappen, gewenst format en eisen. 2. Verificatie: Links en feiten zijn gecontroleerd en gevonden fouten zijn vastgelegd. 3. Transparantie: Duidelijk vermeld wat AI deed, wat eigen werk is en wat de grenzen zijn. 4. E-mailkwaliteit: E-mailveilige HTML die onder de Gmail-limiet blijft. 5. Herbruikbaarheid: Prompt en proces zijn over te zetten naar Make of n8n.
A62: US | B62: Als webbouwer, wil ik de bestaande website van Ronald Boiten verder ontwikkelen tot een overzichtelijke en professionele portfoliowebsite, waarbij zijn ontwerpen centraal staan en zijn persoonlijke stijl beter terugkomt, zodat bezoekers een goed beeld krijgen van zijn werk en de website aansluit bij hoe Ronald zichzelf en zijn projecten wil presenteren. | C62: 1. Website: Versie 3 is live en bereikbaar via een link. 2. Webshop: Winkelwagen, prijzen, bestelknoppen en verkoopteksten zijn verwijderd. 3. Portfolio: Het kopje "Over mij" is verwijderd en zijn werk staat centraal. 4. Afbeeldingen: Uitsneden en verhoudingen zijn aangepast, zodat zijn ontwerpen goed zichtbaar zijn. 5. Mobiel: Het menu werkt, teksten zijn leesbaar en er is geen horizontaal scrollen. 6. Review: De website en het gebruik ervan zijn samen met Ronald doorgenomen en zijn feedback is vastgelegd. | D62: 1. Stijlconsistentie: Typografie en marges sluiten op elkaar aan en lettertype en logo van Ronald zijn behouden. 2. Afbeeldingskwaliteit: Afbeeldingen zijn scherp, niet vervormd en geschikt voor het web. 3. Bruikbaarheid: Zijn werk is vanaf de homepage in maximaal 1 klik bereikbaar. 4. Leesbaarheid: Contrast en tekstgrootte zijn op mobiel goed.
A63: RS | B63: Als student van de minor Futureproof met AI, wil ik onderzoeken welke gratis AI-cursussen en certificaten van erkende aanbieders aansluiten bij mijn interesses en toekomstige loopbaan, zodat ik een bewuste keuze kan maken over welke kennis en vaardigheden ik verder wil ontwikkelen en hoe ik hiermee mijn cv en LinkedIn-profiel kan versterken. | C63: 1. Vergelijking: Een tabel met minimaal 5 cursussen van minimaal 3 aanbieders. 2. Begrippen: Uitleg van het verschil tussen deelnamebewijs, badge, certificaat en officiële certificering. 3. Selectie: Een onderbouwde top 3 van cursussen die ik ga volgen. 4. Verslag en presentatie: Een kort onderzoeksverslag, gepresenteerd tijdens de Show & Grow. | D63: 1. Criteria: Een vooraf vastgestelde matrix (relevantie, erkenning, kosten, tijd, niveau, bewijs van afronding). 2. Triangulatie: AI-onderzoek is gecontroleerd op de officiële cursuspagina's. 3. Transparantie: Gebruikte LLM's en prompts zijn vastgelegd in een bijlage. 4. Bronvermelding: Bronnen zijn gecontroleerd en genoteerd volgens APA 7.
B64: Als < > ,wil ik < > ,zodat < > | C64: 1. 2. 3. | D64: 1. 2. 3.
B65: Als < > ,wil ik < > ,zodat < > | C65: 1. 2. 3. | D65: 1. 2. 3.
A67: 2. FEEDBACK (Ontvangen van anderen)
A68: Datum | B68: Van wie | C68: Feedback | D68: Jouw actie
A69: 46303 | B69: Suzanne Koppenhol | C69: Ik heb mijn AI-agent (The Career Brief) getest en besproken met Suzanne Koppenhol. Zij heeft meerdere ervaringen met agents. Haar advies: om de agent echt goed te laten werken, is het verstandig om hem uit te breiden in Make of n8n, eventueel met een API-koppeling. | D69: Ik neem dit advies mee naar sprint 4 en ga verder met Make of n8n en API-koppelingen.
A72: 3. ZELFEVALUATIE (Mastery)
A73: LU | B73: Leeruitkomst | C73: Niveau | D73: Argumentatie en bewijs
A74: LU 1 | B74: AI-impact op de beroepspraktijk analyseren en evalueren | C74: V | D74: Met The Career Brief heb ik onderzocht welke AI-ontwikkelingen invloed hebben op mijn toekomstige werk, bijvoorbeeld binnen projectmanagement, consultancy en business. Ik heb onderzocht welke onderwerpen relevant zijn en hoe AI het werk binnen organisaties verandert. Daarnaast heb ik onderzoek gedaan naar gratis AI-cursussen en certificaten om te bepalen welke vaardigheden ik zelf verder wil ontwikkelen. Hieruit concludeer ik dat AI-agents en automatisering voor mij belangrijke vaardigheden worden, omdat een agent al een groot deel van het onderzoekswerk kan overnemen. Daarom kies ik cursussen die hierop aansluiten.
A75: LU 2 | B75: Praktijkgerichte AI oplossing ontwerpen, realiseren en presenteren | C75: V | D75: Ik heb The Career Brief ontwikkeld: een AI-gestuurd weekmagazine dat nieuws onderzoekt en verwerkt in twaalf hoofdstukken. Ik heb de inhoud, schrijfstijl en vormgeving uitgewerkt en verschillende versies getest. De automatische verzending via Gmail werkt nog niet volledig. Daarnaast heb ik de website van Ronald Boiten verbeterd. Samen met hem heb ik de website doorgenomen, de winkelwagen verwijderd en de vormgeving meer op zijn werk afgestemd. Beide oplossingen presenteer ik tijdens het Show & Grow-moment van deze sprint.
A76: LU 3 | B76: Ethiek en verantwoordelijk AI-gebruik beoordelen | C76: - | D76: Bij The Career Brief heb ik aandacht besteed aan betrouwbare bronnen, het controleren van informatie en het verantwoord gebruiken van afbeeldingen. Ik heb hiervoor instructies opgenomen in mijn prompt. Het daadwerkelijk testen en beoordelen hiervan wil ik in een volgende sprint verder oppakken.
A77: LU 4 | B77: AI Tools en technieken gebruiken | C77: V | D77: Voor de website van Ronald heb ik gewerkt met Claude Code en Visual Studio Code. Bij The Career Brief heb ik ChatGPT gebruikt om een uitgebreide masterprompt te ontwikkelen, taken in te plannen en nieuwsbrieven met HTML-opmaak via Gmail te testen. Daarbij ontdekte ik dat automatische verzending aanvullende koppelingen vraagt. Daarom ben ik mij ook gaan verdiepen in Make, n8n en API's.
A78: LU 5 | B78: Zelfstandig en zelfsturend werken | C78: V | D78: Vanuit mijn eigen interesse om wekelijks op de hoogte te blijven van ontwikkelingen heb ik The Career Brief bedacht. Ik heb zelfstandig onderzocht hoe ik dit kon realiseren en de nieuwsbrief meerdere keren aangepast op basis van mijn testresultaten. Ook heb ik feedback gevraagd aan Suzanne Koppenhol, die ervaring heeft met AI-agents. Haar advies om met Make of n8n en API-koppelingen verder te werken neem ik mee naar sprint 4.
A80: 4. REFLECTIE
A81: Datum | B81: Wat heb je geleerd? | C81: Wat behoud je? | D81: Wat ga je anders doen?
B82: Deze sprint heb ik geleerd dat het ontwikkelen van een AI-toepassing verder gaat dan alleen een goede prompt schrijven. Bij The Career Brief ontdekte ik dat er aanvullende koppelingen nodig zijn om een nieuwsbrief volledig automatisch te versturen. Ook heb ik geleerd hoe ik AI kan gebruiken om een website te verbeteren op basis van feedback van een opdrachtgever. Door mijn onderzoek naar AI-cursussen heb ik daarnaast meer inzicht gekregen in welke vaardigheden ik zelf wil ontwikkelen. | C82: Ik wil blijven werken aan projecten die aansluiten bij mijn eigen interesses en waarbij ik iets kan ontwikkelen dat daadwerkelijk gebruikt kan worden. Ook wil ik blijven testen, feedback vragen en mijn werk steeds verder verbeteren. | D82: In de volgende sprint wil ik mij meer verdiepen in Make, n8n en API-koppelingen, zodat ik The Career Brief verder kan automatiseren. Daarnaast wil ik eerder controleren of mijn ideeën technisch haalbaar zijn en mijn onderzoek naar AI ook daadwerkelijk toepassen in de praktijk.
A85: SPRINT 4
A87: 1. PLANNING (User Stories) | D87: Plannen met je plannings Agent
A88: Story | B88: Story Omschrijving | C88: Acceptatie Criteria | D88: Kwaliteitscriteria
A89: US | B89: Als < > ,wil ik < > ,zodat < > | C89: 1. 2. 3. | D89: 1. 2. 3.
B90: Als < > ,wil ik < > ,zodat < > | C90: 1. 2. 3. | D90: 1. 2. 3.
B91: Als < > ,wil ik < > ,zodat < > | C91: 1. 2. 3. | D91: 1. 2. 3.
B92: Als < > ,wil ik < > ,zodat < > | C92: 1. 2. 3. | D92: 1. 2. 3.
B93: Als < > ,wil ik < > ,zodat < > | C93: 1. 2. 3. | D93: 1. 2. 3.
A95: 2. FEEDBACK (Ontvangen van anderen)
A96: Datum | B96: Van wie | C96: Feedback | D96: Jouw actie
A100: 3. ZELFEVALUATIE (Mastery)
A101: LU | B101: Leeruitkomst | C101: Niveau | D101: Argumentatie en bewijs
A102: LU 1 | B102: AI-impact op de beroepspraktijk analyseren en evalueren | C102: -
A103: LU 2 | B103: Praktijkgerichte AI oplossing ontwerpen, realiseren en presenteren | C103: -
A104: LU 3 | B104: Ethiek en verantwoordelijk AI-gebruik beoordelen | C104: -
A105: LU 4 | B105: AI Tools en technieken gebruiken | C105: -
A106: LU 5 | B106: Zelfstandig en zelfsturend werken | C106: -
A108: 4. REFLECTIE
A109: Datum | B109: Wat heb je geleerd? | C109: Wat behoud je? | D109: Wat ga je anders doen?
A113: SPRINT 5
A115: 1. PLANNING (User Stories) | D115: Plannen met je plannings Agent
A116: Story | B116: Story Omschrijving | C116: Acceptatie Criteria | D116: Kwaliteitscriteria
A117: US | B117: Als < > ,wil ik < > ,zodat < > | C117: 1. 2. 3. | D117: 1. 2. 3.
B118: Als < > ,wil ik < > ,zodat < > | C118: 1. 2. 3. | D118: 1. 2. 3.
B119: Als < > ,wil ik < > ,zodat < > | C119: 1. 2. 3. | D119: 1. 2. 3.
B120: Als < > ,wil ik < > ,zodat < > | C120: 1. 2. 3. | D120: 1. 2. 3.
B121: Als < > ,wil ik < > ,zodat < > | C121: 1. 2. 3. | D121: 1. 2. 3.
A123: 2. FEEDBACK (Ontvangen van anderen)
A124: Datum | B124: Van wie | C124: Feedback | D124: Jouw actie
A128: 3. ZELFEVALUATIE (Mastery)
A129: LU | B129: Leeruitkomst | C129: Niveau | D129: Argumentatie en bewijs
A130: LU 1 | B130: AI-impact op de beroepspraktijk analyseren en evalueren | C130: -
A131: LU 2 | B131: Praktijkgerichte AI oplossing ontwerpen, realiseren en presenteren | C131: -
A132: LU 3 | B132: Ethiek en verantwoordelijk AI-gebruik beoordelen | C132: -
A133: LU 4 | B133: AI Tools en technieken gebruiken | C133: -
A134: LU 5 | B134: Zelfstandig en zelfsturend werken | C134: -
A136: 4. REFLECTIE
A137: Datum | B137: Wat heb je geleerd? | C137: Wat behoud je? | D137: Wat ga je anders doen?
...

Sheet Lijsten
A1: - | B1: US
A2: O | B2: LS
A3: V | B3: RS
